add-none,2,100,400,138000,345,0
add-none,2,1000,4000,98000,24,0
add-none,2,10000,40000,352000,8,1414
add-none,2,100000,400000,2896000,7,2987
add-none,4,100,800,121000,151,0
add-none,4,1000,8000,125000,15,-39
add-none,4,10000,80000,821000,10,-4785
add-none,4,100000,800000,6190000,7,-5398
add-none,8,100,1600,145000,90,0
add-none,8,1000,16000,231000,14,1622
add-none,8,10000,160000,1263000,7,5239
add-none,8,100000,1600000,12625000,7,-83836
add-none,12,100,2400,232000,96,0
add-none,12,1000,24000,270000,11,525
add-none,12,10000,240000,1936000,8,402
add-none,12,100000,2400000,19971000,8,-25435
add-yield-none,2,10,40,134000,3350,9
add-yield-none,2,20,80,128000,1600,13
add-yield-none,2,40,160,244000,1525,0
add-yield-none,2,80,320,169000,528,12
add-yield-none,2,100,400,252000,630,-14
add-yield-none,2,1000,4000,788000,197,-3
add-yield-none,2,10000,40000,6161000,154,11
add-yield-none,2,100000,400000,63509000,158,394
add-yield-none,4,10,80,130000,1625,-2
add-yield-none,4,20,160,138000,862,8
add-yield-none,4,40,320,141000,440,0
add-yield-none,4,80,640,182000,284,0
add-yield-none,4,100,800,188000,235,-12
add-yield-none,4,1000,8000,783000,97,4
add-yield-none,4,10000,80000,10543000,131,-43
add-yield-none,4,100000,800000,76934000,96,-176
add-yield-none,8,10,160,197000,1231,4
add-yield-none,8,20,320,460000,1437,1
add-yield-none,8,40,640,596000,931,1
add-yield-none,8,80,1280,1086000,848,1
add-yield-none,8,100,1600,1249000,780,1
add-yield-none,8,1000,16000,14114000,882,2
add-yield-none,8,10000,160000,120854000,755,0
add-yield-none,8,100000,1600000,265098000,165,-109
add-yield-none,12,10,240,370000,1541,6
add-yield-none,12,20,480,653000,1360,2
add-yield-none,12,40,960,978000,1018,1
add-yield-none,12,80,1920,1549000,806,14
add-yield-none,12,100,2400,1937000,807,1
add-yield-none,12,1000,24000,19782000,824,4
add-yield-none,12,10000,240000,186314000,776,-4
add-yield-none,12,100000,2400000,-320000,0,-187
add-none,1,1,2,69000,34500,0
add-none,1,10,20,81000,4050,0
add-none,1,100,200,71000,355,0
add-none,1,1000,2000,82000,41,0
add-none,1,10000,20000,128000,6,0
add-none,1,100000,200000,772000,3,0
add-none,1,1000000,2000000,5544000,2,0
add-none,2,1,4,88000,22000,0
add-none,2,10,40,88000,2200,0
add-none,2,100,400,98000,245,0
add-none,2,1000,4000,96000,24,0
add-none,2,10000,40000,497000,12,0
add-none,2,100000,400000,3199000,7,2231
add-none,2,1000000,4000000,28771000,7,-223570
add-none,4,1,8,111000,13875,0
add-none,4,10,80,135000,1687,0
add-none,4,100,800,130000,162,0
add-none,4,1000,8000,119000,14,171
add-none,4,10000,80000,674000,8,-3983
add-none,4,100000,800000,6363000,7,-51668
add-none,4,1000000,8000000,58577000,7,-642458
add-m,1,100,200,89000,445,0
add-m,1,1000,2000,123000,61,0
add-m,1,10000,20000,485000,24,0
add-m,1,100000,200000,4124000,20,0
add-m,2,100,400,101000,252,0
add-m,2,1000,4000,264000,66,0
add-m,2,10000,40000,1670000,41,0
add-m,2,100000,400000,15974000,39,0
add-m,4,100,800,184000,230,0
add-m,4,1000,8000,575000,71,0
add-m,4,10000,80000,5274000,65,0
add-m,4,100000,800000,45382000,56,0
add-m,8,100,1600,208000,130,0
add-m,8,1000,16000,1242000,77,0
add-m,8,10000,160000,11593000,72,0
add-m,8,100000,1600000,115115000,71,0
add-m,12,100,2400,310000,129,0
add-m,12,1000,24000,1847000,76,0
add-m,12,10000,240000,17442000,72,0
add-m,12,100000,2400000,169683000,70,0
add-s,1,100,200,90000,450,0
add-s,1,1000,2000,87000,43,0
add-s,1,10000,20000,232000,11,0
add-s,1,100000,200000,1760000,8,0
add-s,2,100,400,86000,215,0
add-s,2,1000,4000,802000,200,0
add-s,2,10000,40000,2683000,67,0
add-s,2,100000,400000,24358000,60,0
add-s,4,100,800,119000,148,0
add-s,4,1000,8000,818000,102,0
add-s,4,10000,80000,10076000,125,0
add-s,4,100000,800000,102136000,127,0
add-s,8,100,1600,155000,96,0
add-s,8,1000,16000,2182000,136,0
add-s,8,10000,160000,19860000,124,0
add-s,8,100000,1600000,321521000,200,0
add-s,12,100,2400,226000,94,0
add-s,12,1000,24000,2542000,105,0
add-s,12,10000,240000,39180000,163,0
add-s,12,100000,2400000,-293565000,-122,0
add-none,2,100,400,89000,222,0
add-none,2,1000,4000,97000,24,0
add-none,2,10000,40000,315000,7,41
add-none,2,100000,400000,3595000,8,3487
add-none,4,100,800,122000,152,7
add-none,4,1000,8000,123000,15,-699
add-none,4,10000,80000,649000,8,274
add-none,4,100000,800000,6254000,7,-35241
add-none,8,100,1600,279000,174,-2
add-none,8,1000,16000,193000,12,-370
add-none,8,10000,160000,1308000,8,-4572
add-none,8,100000,1600000,11978000,7,-78745
add-none,12,100,2400,218000,90,-23
add-none,12,1000,24000,407000,16,998
add-none,12,10000,240000,1958000,8,-10033
add-none,12,100000,2400000,18864000,7,-80992
add-yield-none,2,10,40,133000,3325,2
add-yield-none,2,20,80,111000,1387,0
add-yield-none,2,40,160,150000,937,17
add-yield-none,2,80,320,189000,590,12
add-yield-none,2,100,400,194000,485,-16
add-yield-none,2,1000,4000,803000,200,0
add-yield-none,2,10000,40000,6356000,158,-22
add-yield-none,2,100000,400000,63352000,158,649
add-yield-none,4,10,80,129000,1612,0
add-yield-none,4,20,160,159000,993,0
add-yield-none,4,40,320,141000,440,-11
add-yield-none,4,80,640,180000,281,0
add-yield-none,4,100,800,179000,223,-30
add-yield-none,4,1000,8000,1001000,125,-11
add-yield-none,4,10000,80000,7069000,88,8
add-yield-none,4,100000,800000,-914670000,-1143,-367
add-yield-none,8,10,160,282000,1762,0
add-yield-none,8,20,320,421000,1315,0
add-yield-none,8,40,640,589000,920,1
add-yield-none,8,80,1280,1194000,932,0
add-yield-none,8,100,1600,1298000,811,1
add-yield-none,8,1000,16000,15635000,977,0
add-yield-none,8,10000,160000,121494000,759,-29
add-yield-none,8,100000,1600000,260054000,162,-21
add-yield-none,12,10,240,424000,1766,1
add-yield-none,12,20,480,680000,1416,6
add-yield-none,12,40,960,917000,955,10
add-yield-none,12,80,1920,1508000,785,8
add-yield-none,12,100,2400,2244000,935,1
add-yield-none,12,1000,24000,20741000,864,7
add-yield-none,12,10000,240000,213942000,891,9
add-yield-none,12,100000,2400000,4918000,2,-11
add-none,1,1,2,73000,36500,0
add-none,1,10,20,85000,4250,0
add-none,1,100,200,69000,345,0
add-none,1,1000,2000,116000,58,0
add-none,1,10000,20000,130000,6,0
add-none,1,100000,200000,639000,3,0
add-none,1,1000000,2000000,5886000,2,0
add-none,2,1,4,101000,25250,0
add-none,2,10,40,102000,2550,0
add-none,2,100,400,104000,260,0
add-none,2,1000,4000,90000,22,0
add-none,2,10000,40000,370000,9,4482
add-none,2,100000,400000,2882000,7,-2591
add-none,2,1000000,4000000,30079000,7,-226203
add-none,4,1,8,111000,13875,0
add-none,4,10,80,132000,1650,0
add-none,4,100,800,109000,136,0
add-none,4,1000,8000,176000,22,0
add-none,4,10000,80000,673000,8,1305
add-none,4,100000,800000,5626000,7,-89214
add-none,4,1000000,8000000,-937423000,-117,-333480
add-m,1,100,200,84000,420,0
add-m,1,1000,2000,135000,67,0
add-m,1,10000,20000,487000,24,0
add-m,1,100000,200000,4110000,20,0
add-m,2,100,400,104000,260,0
add-m,2,1000,4000,227000,56,0
add-m,2,10000,40000,1635000,40,0
add-m,2,100000,400000,15622000,39,0
add-m,4,100,800,163000,203,0
add-m,4,1000,8000,404000,50,0
add-m,4,10000,80000,4340000,54,0
add-m,4,100000,800000,43530000,54,0
add-m,8,100,1600,256000,160,0
add-m,8,1000,16000,1211000,75,0
add-m,8,10000,160000,11773000,73,0
add-m,8,100000,1600000,112548000,70,0
add-m,12,100,2400,315000,131,0
add-m,12,1000,24000,1774000,73,0
add-m,12,10000,240000,17080000,71,0
add-m,12,100000,2400000,165770000,69,0
add-s,1,100,200,82000,410,0
add-s,1,1000,2000,92000,46,0
add-s,1,10000,20000,232000,11,0
add-s,1,100000,200000,1751000,8,0
add-s,2,100,400,85000,212,0
add-s,2,1000,4000,235000,58,0
add-s,2,10000,40000,3110000,77,0
add-s,2,100000,400000,29259000,73,0
add-s,4,100,800,109000,136,0
add-s,4,1000,8000,683000,85,0
add-s,4,10000,80000,10300000,128,0
add-s,4,100000,800000,89689000,112,0
add-s,8,100,1600,183000,114,0
add-s,8,1000,16000,2087000,130,0
add-s,8,10000,160000,18114000,113,0
add-s,8,100000,1600000,-613411000,-383,0
add-s,12,100,2400,211000,87,0
add-s,12,1000,24000,2494000,103,0
add-s,12,10000,240000,26204000,109,0
add-s,12,100000,2400000,-67861000,-28,0
add-none,2,100,400,109000,272,0
add-none,2,1000,4000,264000,66,-424
add-none,2,10000,40000,356000,8,0
add-none,2,100000,400000,2770000,6,3964
add-none,4,100,800,118000,147,0
add-none,4,1000,8000,141000,17,441
add-none,4,10000,80000,650000,8,248
add-none,4,100000,800000,6080000,7,-12185
add-none,8,100,1600,336000,210,3
add-none,8,1000,16000,208000,13,127
add-none,8,10000,160000,1316000,8,-2849
add-none,8,100000,1600000,11752000,7,881
add-none,12,100,2400,198000,82,-12
add-none,12,1000,24000,624000,26,881
add-none,12,10000,240000,1900000,7,-12331
add-none,12,100000,2400000,18895000,7,-70905
add-yield-none,2,10,40,113000,2825,0
add-yield-none,2,20,80,128000,1600,0
add-yield-none,2,40,160,128000,800,0
add-yield-none,2,80,320,166000,518,-24
add-yield-none,2,100,400,189000,472,0
add-yield-none,2,1000,4000,864000,216,19
add-yield-none,2,10000,40000,6072000,151,22
add-yield-none,2,100000,400000,62975000,157,-1168
add-yield-none,4,10,80,123000,1537,0
add-yield-none,4,20,160,157000,981,0
add-yield-none,4,40,320,154000,481,0
add-yield-none,4,80,640,201000,314,-3
add-yield-none,4,100,800,183000,228,0
add-yield-none,4,1000,8000,815000,101,14
add-yield-none,4,10000,80000,11166000,139,-169
add-yield-none,4,100000,800000,80284000,100,-14
add-yield-none,8,10,160,277000,1731,0
add-yield-none,8,20,320,383000,1196,3
add-yield-none,8,40,640,595000,929,1
add-yield-none,8,80,1280,1093000,853,1
add-yield-none,8,100,1600,1885000,1178,4
add-yield-none,8,1000,16000,14698000,918,0
add-yield-none,8,10000,160000,120421000,752,-96
add-yield-none,8,100000,1600000,386331000,241,18
add-yield-none,12,10,240,427000,1779,3
add-yield-none,12,20,480,1196000,2491,5
add-yield-none,12,40,960,917000,955,4
add-yield-none,12,80,1920,1904000,991,19
add-yield-none,12,100,2400,1929000,803,4
add-yield-none,12,1000,24000,17255000,718,12
add-yield-none,12,10000,240000,-802212000,-3342,-18
add-yield-none,12,100000,2400000,-14521000,-6,-189
add-none,1,1,2,68000,34000,0
add-none,1,10,20,77000,3850,0
add-none,1,100,200,71000,355,0
add-none,1,1000,2000,133000,66,0
add-none,1,10000,20000,131000,6,0
add-none,1,100000,200000,896000,4,0
add-none,1,1000000,2000000,5986000,2,0
add-none,2,1,4,77000,19250,0
add-none,2,10,40,87000,2175,0
add-none,2,100,400,87000,217,0
add-none,2,1000,4000,136000,34,0
add-none,2,10000,40000,440000,11,824
add-none,2,100000,400000,3131000,7,0
add-none,2,1000000,4000000,28054000,7,31296
add-none,4,1,8,104000,13000,0
add-none,4,10,80,229000,2862,0
add-none,4,100,800,123000,153,0
add-none,4,1000,8000,127000,15,-597
add-none,4,10000,80000,680000,8,824
add-none,4,100000,800000,6632000,8,-54382
add-none,4,1000000,8000000,60551000,7,-403363
add-m,1,100,200,90000,450,0
add-m,1,1000,2000,122000,61,0
add-m,1,10000,20000,483000,24,0
add-m,1,100000,200000,4126000,20,0
add-m,2,100,400,122000,305,0
add-m,2,1000,4000,214000,53,0
add-m,2,10000,40000,1683000,42,0
add-m,2,100000,400000,16418000,41,0
add-m,4,100,800,167000,208,0
add-m,4,1000,8000,570000,71,0
add-m,4,10000,80000,4457000,55,0
add-m,4,100000,800000,44588000,55,0
add-m,8,100,1600,227000,141,0
add-m,8,1000,16000,1124000,70,0
add-m,8,10000,160000,12079000,75,0
add-m,8,100000,1600000,114676000,71,0
add-m,12,100,2400,279000,116,0
add-m,12,1000,24000,1832000,76,0
add-m,12,10000,240000,16945000,70,0
add-m,12,100000,2400000,176745000,73,0
add-s,1,100,200,84000,420,0
add-s,1,1000,2000,90000,45,0
add-s,1,10000,20000,260000,13,0
add-s,1,100000,200000,1724000,8,0
add-s,2,100,400,97000,242,0
add-s,2,1000,4000,201000,50,0
add-s,2,10000,40000,2451000,61,0
add-s,2,100000,400000,18349000,45,0
add-s,4,100,800,137000,171,0
add-s,4,1000,8000,872000,109,0
add-s,4,10000,80000,8131000,101,0
add-s,4,100000,800000,-892162000,-1115,0
add-s,8,100,1600,169000,105,0
add-s,8,1000,16000,1975000,123,0
add-s,8,10000,160000,36896000,230,0
add-s,8,100000,1600000,337124000,210,0
add-s,12,100,2400,239000,99,0
add-s,12,1000,24000,3024000,126,0
add-s,12,10000,240000,61190000,254,0
add-s,12,100000,2400000,-98930000,-41,0
add-none,2,100,400,100000,250,0
add-none,2,1000,4000,101000,25,0
add-none,2,10000,40000,341000,8,109
add-none,2,100000,400000,3537000,8,7526
add-none,4,100,800,111000,138,62
add-none,4,1000,8000,139000,17,883
add-none,4,10000,80000,691000,8,7116
add-none,4,100000,800000,6081000,7,10387
add-none,8,100,1600,171000,106,38
add-none,8,1000,16000,194000,12,1300
add-none,8,10000,160000,1290000,8,826
add-none,8,100000,1600000,12758000,7,-60831
add-none,12,100,2400,200000,83,69
add-none,12,1000,24000,409000,17,-189
add-none,12,10000,240000,1949000,8,-5904
add-none,12,100000,2400000,19711000,8,-5526
add-yield-none,2,10,40,118000,2950,0
add-yield-none,2,20,80,121000,1512,0
add-yield-none,2,40,160,119000,743,0
add-yield-none,2,80,320,184000,575,-3
add-yield-none,2,100,400,626000,1565,0
add-yield-none,2,1000,4000,914000,228,0
add-yield-none,2,10000,40000,7594000,189,-509
add-yield-none,2,100000,400000,63820000,159,-2456
add-yield-none,4,10,80,148000,1850,7
add-yield-none,4,20,160,128000,800,-4
add-yield-none,4,40,320,151000,471,0
add-yield-none,4,80,640,352000,550,2
add-yield-none,4,100,800,313000,391,13
add-yield-none,4,1000,8000,4650000,581,-81
add-yield-none,4,10000,80000,43377000,542,51
add-yield-none,4,100000,800000,96811000,121,-44
add-yield-none,8,10,160,340000,2125,2
add-yield-none,8,20,320,382000,1193,1
add-yield-none,8,40,640,949000,1482,2
add-yield-none,8,80,1280,1575000,1230,2
add-yield-none,8,100,1600,1275000,796,1
add-yield-none,8,1000,16000,13439000,839,-4
add-yield-none,8,10000,160000,126251000,789,-19
add-none,2,100,400,125000,312,0
add-none,2,1000,4000,136000,34,0
add-none,2,10000,40000,539000,13,0
add-none,2,100000,400000,3537000,8,8024
add-none,4,100,800,107000,133,0
add-none,4,1000,8000,159000,19,157
add-none,4,10000,80000,658000,8,-1302
add-none,4,100000,800000,6112000,7,-44671
add-none,8,100,1600,289000,180,0
add-none,8,1000,16000,197000,12,-417
add-none,8,10000,160000,1293000,8,-906
add-none,8,100000,1600000,12292000,7,-25064
add-none,12,100,2400,209000,87,-16
add-none,12,1000,24000,305000,12,924
add-none,12,10000,240000,1906000,7,-2475
add-none,12,100000,2400000,18720000,7,-150963
add-yield-none,2,10,40,110000,2750,0
add-yield-none,2,20,80,130000,1625,0
add-yield-none,2,40,160,156000,975,4
add-yield-none,2,80,320,155000,484,0
add-yield-none,2,100,400,210000,525,-24
add-yield-none,2,1000,4000,828000,207,0
add-yield-none,2,10000,40000,6081000,152,14
add-yield-none,2,100000,400000,63383000,158,-1059
add-yield-none,4,10,80,130000,1625,10
add-yield-none,4,20,160,127000,793,0
add-yield-none,4,40,320,156000,487,0
add-yield-none,4,80,640,169000,264,-17
add-yield-none,4,100,800,188000,235,0
add-yield-none,4,1000,8000,777000,97,-6
add-yield-none,4,10000,80000,11429000,142,-292
add-yield-none,4,100000,800000,80580000,100,-112
add-yield-none,8,10,160,272000,1700,0
add-yield-none,8,20,320,447000,1396,2
add-yield-none,8,40,640,609000,951,1
add-yield-none,8,80,1280,1092000,853,1
add-yield-none,8,100,1600,1245000,778,1
add-yield-none,8,1000,16000,13131000,820,6
add-yield-none,8,10000,160000,119267000,745,-2
add-yield-none,8,100000,1600000,-798589000,-499,-140
add-yield-none,12,10,240,369000,1537,3
add-yield-none,12,20,480,588000,1225,3
add-yield-none,12,40,960,1130000,1177,2
add-yield-none,12,80,1920,1521000,792,2
add-yield-none,12,100,2400,1831000,762,5
add-yield-none,12,1000,24000,18574000,773,6
add-yield-none,12,10000,240000,178265000,742,-22
add-yield-none,12,100000,2400000,-61256000,-25,-160
add-none,1,1,2,77000,38500,0
add-none,1,10,20,75000,3750,0
add-none,1,100,200,69000,345,0
add-none,1,1000,2000,137000,68,0
add-none,1,10000,20000,129000,6,0
add-none,1,100000,200000,657000,3,0
add-none,1,1000000,2000000,5419000,2,0
add-none,2,1,4,92000,23000,0
add-none,2,10,40,90000,2250,0
add-none,2,100,400,83000,207,0
add-none,2,1000,4000,115000,28,0
add-none,2,10000,40000,351000,8,2156
add-none,2,100000,400000,3340000,8,-36296
add-none,2,1000000,4000000,29912000,7,101296
add-none,4,1,8,115000,14375,0
add-none,4,10,80,134000,1675,0
add-none,4,100,800,114000,142,0
add-none,4,1000,8000,131000,16,-567
add-none,4,10000,80000,665000,8,-3306
add-none,4,100000,800000,6388000,7,18844
add-none,4,1000000,8000000,61290000,7,-425538
add-m,1,100,200,85000,425,0
add-m,1,1000,2000,120000,60,0
add-m,1,10000,20000,483000,24,0
add-m,1,100000,200000,4137000,20,0
add-m,2,100,400,111000,277,0
add-m,2,1000,4000,193000,48,0
add-m,2,10000,40000,1709000,42,0
add-m,2,100000,400000,11931000,29,0
add-m,4,100,800,140000,175,0
add-m,4,1000,8000,592000,74,0
add-m,4,10000,80000,4391000,54,0
add-m,4,100000,800000,44893000,56,0
add-m,8,100,1600,477000,298,0
add-m,8,1000,16000,1124000,70,0
add-m,8,10000,160000,13929000,87,0
add-m,8,100000,1600000,114800000,71,0
add-m,12,100,2400,244000,101,0
add-m,12,1000,24000,1738000,72,0
add-m,12,10000,240000,17881000,74,0
add-m,12,100000,2400000,-817042000,-340,0
add-s,1,100,200,72000,360,0
add-s,1,1000,2000,85000,42,0
add-s,1,10000,20000,234000,11,0
add-s,1,100000,200000,1716000,8,0
add-s,2,100,400,87000,217,0
add-s,2,1000,4000,219000,54,0
add-s,2,10000,40000,2486000,62,0
add-s,2,100000,400000,20406000,51,0
add-s,4,100,800,134000,167,0
add-s,4,1000,8000,947000,118,0
add-s,4,10000,80000,8165000,102,0
add-s,4,100000,800000,107799000,134,0
add-s,8,100,1600,179000,111,0
add-s,8,1000,16000,3148000,196,0
add-s,8,10000,160000,51297000,320,0
add-s,8,100000,1600000,419066000,261,0
add-s,12,100,2400,241000,100,0
add-s,12,1000,24000,3074000,128,0
add-s,12,10000,240000,25506000,106,0
add-s,12,100000,2400000,-79886000,-33,0
add-c,1,100,200,79000,395,0
add-c,1,1000,2000,94000,47,0
add-c,1,10000,20000,269000,13,0
add-c,1,100000,200000,2077000,10,0
add-c,2,100,400,107000,267,0
add-c,2,1000,4000,337000,84,0
add-c,2,10000,40000,1009000,25,0
add-c,2,100000,400000,19351000,48,0
add-c,4,100,800,157000,196,0
add-c,4,1000,8000,600000,75,0
add-c,4,10000,80000,6133000,76,0
add-c,4,100000,800000,51516000,64,0
add-c,8,100,1600,175000,109,0
add-c,8,1000,16000,788000,49,0
add-c,8,10000,160000,11338000,70,0
add-c,8,100000,1600000,-884125000,-552,0
add-c,12,100,2400,214000,89,0
add-c,12,1000,24000,1735000,72,0
add-c,12,10000,240000,16703000,69,0
add-c,12,100000,2400000,185720000,77,0
add-yield-m,1,100,200,152000,760,0
add-yield-m,1,1000,2000,710000,355,0
add-yield-m,1,10000,20000,6016000,300,0
add-yield-m,2,100,400,526000,1315,0
add-yield-m,2,1000,4000,3570000,892,0
add-yield-m,2,10000,40000,28914000,722,0
add-yield-m,4,100,800,2813000,3516,0
add-yield-m,4,1000,8000,24629000,3078,0
add-yield-m,4,10000,80000,244395000,3054,0
add-yield-m,8,100,1600,7087000,4429,0
add-yield-m,8,1000,16000,66992000,4187,0
add-yield-m,8,10000,160000,-316617000,-1978,0
add-yield-m,12,100,2400,9567000,3986,0
add-yield-m,12,1000,24000,102019000,4250,0
add-yield-m,12,10000,240000,36473000,151,0
add-yield-s,1,100,200,137000,685,0
add-yield-s,1,1000,2000,644000,322,0
add-yield-s,2,100,400,237000,592,0
add-yield-s,2,1000,4000,1394000,348,0
add-yield-s,4,100,800,818000,1022,0
add-yield-s,4,1000,8000,14721000,1840,0
add-yield-s,8,100,1600,-444826000,-278016,0
add-yield-s,8,1000,16000,591605000,36975,0
add-yield-s,12,100,2400,-593527000,-247302,0
add-yield-s,12,1000,24000,1181873000,49244,0
add-yield-c,1,100,200,173000,865,0
add-yield-c,1,1000,2000,763000,381,0
add-yield-c,1,10000,20000,10453000,522,0
add-yield-c,2,100,400,241000,602,0
add-yield-c,2,1000,4000,1296000,324,0
add-yield-c,2,10000,40000,13846000,346,0
add-yield-c,4,100,800,410000,512,0
add-yield-c,4,1000,8000,7720000,965,0
add-yield-c,4,10000,80000,51818000,647,0
add-yield-c,8,100,1600,10047000,6279,0
add-yield-c,8,1000,16000,81269000,5079,0
add-yield-c,8,10000,160000,286378000,1789,0
add-yield-c,12,100,2400,14901000,6208,0
add-yield-c,12,1000,24000,224566000,9356,0
add-yield-c,12,10000,240000,-610045000,-2541,0
add-none,2,100,400,234000,585,0
add-none,2,1000,4000,237000,59,354
add-none,2,10000,40000,999000,24,1357
add-none,2,100000,400000,8079000,20,-83094
add-none,4,100,800,543000,678,0
add-none,4,1000,8000,292000,36,707
add-none,4,10000,80000,1852000,23,2057
add-none,4,100000,800000,15201000,19,-42455
add-none,8,100,1600,410000,256,0
add-none,8,1000,16000,500000,31,1867
add-none,8,10000,160000,3304000,20,9218
add-none,8,100000,1600000,31880000,19,96392
add-none,12,100,2400,564000,235,-6
add-none,12,1000,24000,725000,30,426
add-none,12,10000,240000,4676000,19,-20390
add-none,12,100000,2400000,47599000,19,35129
add-yield-none,2,10,40,257000,6425,0
add-yield-none,2,20,80,515000,6437,0
add-yield-none,2,40,160,300000,1875,0
add-yield-none,2,80,320,390000,1218,0
add-yield-none,2,100,400,414000,1035,0
add-yield-none,2,1000,4000,1681000,420,1
add-yield-none,2,10000,40000,16340000,408,-280
add-yield-none,2,100000,400000,158900000,397,-2172
add-yield-none,4,10,80,497000,6212,0
add-yield-none,4,20,160,319000,1993,-4
add-yield-none,4,40,320,610000,1906,-25
add-yield-none,4,80,640,410000,640,0
add-yield-none,4,100,800,588000,735,0
add-yield-none,4,1000,8000,1872000,234,-23
add-yield-none,4,10000,80000,24840000,310,-80
add-yield-none,4,100000,800000,470030000,587,-658
add-yield-none,8,10,160,603000,3768,1
add-yield-none,8,20,320,869000,2715,3
add-yield-none,8,40,640,1702000,2659,-1
add-yield-none,8,80,1280,2141000,1672,1
add-yield-none,8,100,1600,2803000,1751,3
add-yield-none,8,1000,16000,39460000,2466,-23
add-yield-none,8,10000,160000,236861000,1480,-6
add-yield-none,8,100000,1600000,275342000,172,-18
add-yield-none,12,10,240,986000,4108,7
add-yield-none,12,20,480,1337000,2785,8
add-yield-none,12,40,960,2378000,2477,9
add-yield-none,12,80,1920,3760000,1958,4
add-yield-none,12,100,2400,3838000,1599,5
add-yield-none,12,1000,24000,46820000,1950,-3
add-yield-none,12,10000,240000,-615014000,-2562,-19
add-yield-none,12,100000,2400000,511657000,213,-89
add-none,1,1,2,255000,127500,0
add-none,1,10,20,222000,11100,0
add-none,1,100,200,187000,935,0
add-none,1,1000,2000,186000,93,0
add-none,1,10000,20000,297000,14,0
add-none,1,100000,200000,1729000,8,0
add-none,1,1000000,2000000,15622000,7,0
add-none,2,1,4,181000,45250,0
add-none,2,10,40,202000,5050,0
add-none,2,100,400,205000,512,0
add-none,2,1000,4000,186000,46,0
add-none,2,10000,40000,887000,22,-319
add-none,2,100000,400000,6638000,16,-14520
add-none,2,1000000,4000000,75013000,18,-46319
add-none,4,1,8,273000,34125,0
add-none,4,10,80,235000,2937,-4
add-none,4,100,800,401000,501,0
add-none,4,1000,8000,332000,41,-48
add-none,4,10000,80000,1659000,20,-1343
add-none,4,100000,800000,16873000,21,-45583
add-none,4,1000000,8000000,152847000,19,-156403
add-m,1,100,200,200000,1000,0
add-m,1,1000,2000,293000,146,0
add-m,1,10000,20000,1194000,59,0
add-m,1,100000,200000,10053000,50,0
add-m,2,100,400,265000,662,0
add-m,2,1000,4000,607000,151,0
add-m,2,10000,40000,4188000,104,0
add-m,2,100000,400000,33867000,84,0
add-m,4,100,800,402000,502,0
add-m,4,1000,8000,1332000,166,0
add-m,4,10000,80000,13403000,167,0
add-m,4,100000,800000,113492000,141,0
add-m,8,100,1600,523000,326,0
add-m,8,1000,16000,2862000,178,0
add-m,8,10000,160000,27714000,173,0
add-m,8,100000,1600000,299427000,187,0
add-m,12,100,2400,803000,334,0
add-m,12,1000,24000,4935000,205,0
add-m,12,10000,240000,43439000,180,0
add-m,12,100000,2400000,-540882000,-225,0
add-s,1,100,200,169000,845,0
add-s,1,1000,2000,242000,121,0
add-s,1,10000,20000,572000,28,0
add-s,1,100000,200000,4167000,20,0
add-s,2,100,400,198000,495,0
add-s,2,1000,4000,392000,98,0
add-s,2,10000,40000,4275000,106,0
add-s,2,100000,400000,71073000,177,0
add-s,4,100,800,329000,411,0
add-s,4,1000,8000,1847000,230,0
add-s,4,10000,80000,17456000,218,0
add-s,4,100000,800000,248550000,310,0
add-s,8,100,1600,425000,265,0
add-s,8,1000,16000,4325000,270,0
add-s,8,10000,160000,-936086000,-5850,0
add-s,8,100000,1600000,-689000,0,0
add-s,12,100,2400,625000,260,0
add-s,12,1000,24000,7374000,307,0
add-s,12,10000,240000,90616000,377,0
add-s,12,100000,2400000,-52155000,-21,0
add-c,1,100,200,165000,825,0
add-c,1,1000,2000,210000,105,0
add-c,1,10000,20000,741000,37,0
add-c,1,100000,200000,4996000,24,0
add-c,2,100,400,225000,562,0
add-c,2,1000,4000,723000,180,0
add-c,2,10000,40000,2594000,64,0
add-c,2,100000,400000,41938000,104,0
add-c,4,100,800,230000,287,0
add-c,4,1000,8000,1428000,178,0
add-c,4,10000,80000,11367000,142,0
add-c,4,100000,800000,103659000,129,0
add-c,8,100,1600,374000,233,0
add-c,8,1000,16000,2290000,143,0
add-c,8,10000,160000,18773000,117,0
add-c,8,100000,1600000,166993000,104,0
add-c,12,100,2400,554000,230,0
add-c,12,1000,24000,3590000,149,0
add-c,12,10000,240000,35596000,148,0
add-c,12,100000,2400000,-625089000,-260,0
add-yield-m,1,100,200,360000,1800,0
add-yield-m,1,1000,2000,3208000,1604,0
add-yield-m,1,10000,20000,23479000,1173,0
add-yield-m,2,100,400,13949000,34872,0
add-yield-m,2,1000,4000,14416000,3604,0
add-yield-m,2,10000,40000,181335000,4533,0
add-yield-m,4,100,800,15076000,18845,0
add-yield-m,4,1000,8000,78400000,9800,0
add-yield-m,4,10000,80000,-208717000,-2608,0
add-yield-m,8,100,1600,16254000,10158,0
add-yield-m,8,1000,16000,152751000,9546,0
add-yield-m,8,10000,160000,-360557000,-2253,0
add-yield-m,12,100,2400,23968000,9986,0
add-yield-m,12,1000,24000,221469000,9227,0
add-yield-m,12,10000,240000,-607063000,-2529,0
add-yield-s,1,100,200,408000,2040,0
add-yield-s,1,1000,2000,1596000,798,0
add-yield-s,2,100,400,521000,1302,0
add-yield-s,2,1000,4000,3371000,842,0
add-yield-s,4,100,800,17668000,22085,0
add-yield-s,4,1000,8000,21600000,2700,0
add-yield-s,8,100,1600,693298000,433311,0
add-none,2,100,400,101000,252,0
add-none,2,1000,4000,141000,35,0
add-none,2,10000,40000,325000,8,3831
add-none,2,100000,400000,3079000,7,9874
add-none,4,100,800,118000,147,0
add-none,4,1000,8000,150000,18,590
add-none,4,10000,80000,823000,10,663
add-none,4,100000,800000,8375000,10,-59761
add-none,8,100,1600,419000,261,0
add-none,8,1000,16000,1561000,97,0
add-none,8,10000,160000,1362000,8,499
add-none,8,100000,1600000,12351000,7,-139833
add-none,12,100,2400,218000,90,0
add-none,12,1000,24000,269000,11,277
add-none,12,10000,240000,2004000,8,7377
add-none,12,100000,2400000,18570000,7,-43103
add-yield-none,2,10,40,97000,2425,0
add-yield-none,2,20,80,114000,1425,-2
add-yield-none,2,40,160,123000,768,0
add-yield-none,2,80,320,143000,446,0
add-yield-none,2,100,400,742000,1855,-23
add-yield-none,2,1000,4000,698000,174,0
add-yield-none,2,10000,40000,6325000,158,-23
add-yield-none,2,100000,400000,66230000,165,1722
add-yield-none,4,10,80,157000,1962,0
add-yield-none,4,20,160,694000,4337,0
add-yield-none,4,40,320,258000,806,0
add-yield-none,4,80,640,424000,662,-6
add-yield-none,4,100,800,714000,892,0
add-yield-none,4,1000,8000,8444000,1055,-30
add-yield-none,4,10000,80000,49838000,622,-118
add-yield-none,4,100000,800000,88355000,110,221
add-yield-none,8,10,160,331000,2068,0
add-yield-none,8,20,320,959000,2996,6
add-yield-none,8,40,640,619000,967,2
add-yield-none,8,80,1280,1107000,864,1
add-yield-none,8,100,1600,1367000,854,3
add-yield-none,8,1000,16000,14521000,907,0
add-yield-none,8,10000,160000,-837643000,-5235,8
add-yield-none,8,100000,1600000,241233000,150,-162
add-yield-none,12,10,240,430000,1791,7
add-yield-none,12,20,480,960000,2000,0
add-yield-none,12,40,960,1125000,1171,4
add-yield-none,12,80,1920,1926000,1003,6
add-yield-none,12,100,2400,2524000,1051,5
add-yield-none,12,1000,24000,29887000,1245,1
add-yield-none,12,10000,240000,324271000,1351,-35
add-yield-none,12,100000,2400000,-488530000,-203,18
add-none,1,1,2,72000,36000,0
add-none,1,10,20,78000,3900,0
add-none,1,100,200,73000,365,0
add-none,1,1000,2000,91000,45,0
add-none,1,10000,20000,130000,6,0
add-none,1,100000,200000,942000,4,0
add-none,1,1000000,2000000,5687000,2,0
add-none,2,1,4,139000,34750,0
add-none,2,10,40,81000,2025,0
add-none,2,100,400,88000,220,0
add-none,2,1000,4000,94000,23,0
add-none,2,10000,40000,431000,10,2061
add-none,2,100000,400000,3192000,7,-25917
add-none,2,1000000,4000000,30536000,7,-208879
add-none,4,1,8,92000,11500,0
add-none,4,10,80,133000,1662,0
add-none,4,100,800,101000,126,0
add-none,4,1000,8000,123000,15,1050
add-none,4,10000,80000,667000,8,972
add-none,4,100000,800000,6511000,8,-63130
add-none,4,1000000,8000000,63482000,7,-177179
add-m,1,100,200,87000,435,0
add-m,1,1000,2000,127000,63,0
add-m,1,10000,20000,511000,25,0
add-m,1,100000,200000,4308000,21,0
add-m,2,100,400,106000,265,0
add-m,2,1000,4000,279000,69,0
add-m,2,10000,40000,960000,24,0
add-m,2,100000,400000,8140000,20,0
add-m,4,100,800,145000,181,0
add-m,4,1000,8000,516000,64,0
add-m,4,10000,80000,4812000,60,0
add-m,4,100000,800000,38746000,48,0
add-m,8,100,1600,521000,325,0
add-m,8,1000,16000,1248000,78,0
add-m,8,10000,160000,11980000,74,0
add-m,8,100000,1600000,117427000,73,0
add-m,12,100,2400,272000,113,0
add-m,12,1000,24000,1997000,83,0
add-m,12,10000,240000,17354000,72,0
add-m,12,100000,2400000,171295000,71,0
add-s,1,100,200,72000,360,0
add-s,1,1000,2000,86000,43,0
add-s,1,10000,20000,234000,11,0
add-s,1,100000,200000,1748000,8,0
add-s,2,100,400,85000,212,0
add-s,2,1000,4000,398000,99,0
add-s,2,10000,40000,2843000,71,0
add-s,2,100000,400000,-964526000,-2411,0
add-s,4,100,800,113000,141,0
add-s,4,1000,8000,1115000,139,0
add-s,4,10000,80000,9577000,119,0
add-s,4,100000,800000,88139000,110,0
add-s,8,100,1600,137000,85,0
add-s,8,1000,16000,1702000,106,0
add-s,8,10000,160000,23363000,146,0
add-s,8,100000,1600000,489833000,306,0
add-s,12,100,2400,203000,84,0
add-s,12,1000,24000,3068000,127,0
add-s,12,10000,240000,63442000,264,0
add-s,12,100000,2400000,-31267000,-13,0
add-c,1,100,200,78000,390,0
add-c,1,1000,2000,94000,47,0
add-c,1,10000,20000,270000,13,0
add-c,1,100000,200000,2053000,10,0
add-c,2,100,400,86000,215,0
add-c,2,1000,4000,268000,67,0
add-c,2,10000,40000,2428000,60,0
add-c,2,100000,400000,18418000,46,0
add-c,4,100,800,161000,201,0
add-c,4,1000,8000,569000,71,0
add-c,4,10000,80000,5657000,70,0
add-c,4,100000,800000,52794000,65,0
add-c,8,100,1600,164000,102,0
add-c,8,1000,16000,1107000,69,0
add-c,8,10000,160000,10360000,64,0
add-c,8,100000,1600000,-869050000,-543,0
add-c,12,100,2400,224000,93,0
add-c,12,1000,24000,1738000,72,0
add-c,12,10000,240000,16375000,68,0
add-c,12,100000,2400000,186694000,77,0
add-yield-m,1,100,200,153000,765,0
add-yield-m,1,1000,2000,674000,337,0
add-yield-m,1,10000,20000,6006000,300,0
add-yield-m,2,100,400,1105000,2762,0
add-yield-m,2,1000,4000,5861000,1465,0
add-yield-m,2,10000,40000,49847000,1246,0
add-yield-m,4,100,800,7244000,9055,0
add-yield-m,4,1000,8000,69218000,8652,0
add-yield-m,4,10000,80000,-350641000,-4383,0
add-yield-m,8,100,1600,8772000,5482,0
add-yield-m,8,1000,16000,92520000,5782,0
add-yield-m,8,10000,160000,-131810000,-823,0
add-yield-m,12,100,2400,10967000,4569,0
add-yield-m,12,1000,24000,117462000,4894,0
add-yield-m,12,10000,240000,116337000,484,0
add-yield-s,1,100,200,159000,795,0
add-yield-s,1,1000,2000,650000,325,0
add-yield-s,2,100,400,245000,612,0
add-yield-s,2,1000,4000,1416000,354,0
add-yield-s,4,100,800,1159000,1448,0
add-yield-s,4,1000,8000,5545000,693,0
add-yield-s,8,100,1600,118254000,73908,0
add-yield-s,8,1000,16000,390080000,24380,0
add-yield-s,12,100,2400,170353000,70980,0
add-yield-s,12,1000,24000,-108081000,-4503,0
add-yield-c,1,100,200,173000,865,0
add-yield-c,1,1000,2000,634000,317,0
add-yield-c,1,10000,20000,5641000,282,0
add-yield-c,2,100,400,258000,645,0
add-yield-c,2,1000,4000,1510000,377,0
add-yield-c,2,10000,40000,12465000,311,0
add-yield-c,4,100,800,458000,572,0
add-yield-c,4,1000,8000,6551000,818,0
add-yield-c,4,10000,80000,43295000,541,0
add-yield-c,8,100,1600,5624000,3515,0
add-yield-c,8,1000,16000,69269000,4329,0
add-yield-c,8,10000,160000,-1996000,-12,0
add-yield-c,12,100,2400,13375000,5572,0
add-yield-c,12,1000,24000,197998000,8249,0
add-yield-c,12,10000,240000,-806484000,-3360,0
add-none,2,100,400,88000,220,0
add-none,2,1000,4000,97000,24,0
add-none,2,10000,40000,350000,8,7248
add-none,2,100000,400000,3637000,9,-6461
add-none,4,100,800,113000,141,0
add-none,4,1000,8000,120000,15,-611
add-none,4,10000,80000,778000,9,2699
add-none,4,100000,800000,6083000,7,-15094
add-none,8,100,1600,186000,116,0
add-none,8,1000,16000,243000,15,151
add-none,8,10000,160000,1342000,8,-807
add-none,8,100000,1600000,10448000,6,-62308
add-none,12,100,2400,191000,79,0
add-none,12,1000,24000,341000,14,58
add-none,12,10000,240000,1905000,7,-1872
add-none,12,100000,2400000,19163000,7,-39504
add-yield-none,2,10,40,123000,3075,0
add-yield-none,2,20,80,114000,1425,0
add-yield-none,2,40,160,154000,962,-5
add-yield-none,2,80,320,185000,578,-5
add-yield-none,2,100,400,186000,465,0
add-yield-none,2,1000,4000,843000,210,0
add-yield-none,2,10000,40000,6040000,151,6
add-yield-none,2,100000,400000,61474000,153,-416
add-yield-none,4,10,80,119000,1487,0
add-yield-none,4,20,160,168000,1050,0
add-yield-none,4,40,320,139000,434,0
add-yield-none,4,80,640,187000,292,12
add-yield-none,4,100,800,199000,248,-27
add-yield-none,4,1000,8000,783000,97,2
add-yield-none,4,10000,80000,11543000,144,-360
add-yield-none,4,100000,800000,74567000,93,-39
add-yield-none,8,10,160,285000,1781,0
add-yield-none,8,20,320,454000,1418,2
add-yield-none,8,40,640,596000,931,0
add-yield-none,8,80,1280,1077000,841,1
add-yield-none,8,100,1600,1247000,779,1
add-yield-none,8,1000,16000,13732000,858,0
add-yield-none,8,10000,160000,118665000,741,15
add-yield-none,8,100000,1600000,318759000,199,-9
add-yield-none,12,10,240,362000,1508,4
add-yield-none,12,20,480,521000,1085,5
add-yield-none,12,40,960,989000,1030,2
add-yield-none,12,80,1920,1956000,1018,2
add-yield-none,12,100,2400,1846000,769,2
add-yield-none,12,1000,24000,19870000,827,3
add-yield-none,12,10000,240000,183299000,763,-9
add-yield-none,12,100000,2400000,-5775000,-2,-86
add-none,1,1,2,71000,35500,0
add-none,1,10,20,81000,4050,0
add-none,1,100,200,72000,360,0
add-none,1,1000,2000,131000,65,0
add-none,1,10000,20000,136000,6,0
add-none,1,100000,200000,718000,3,0
add-none,1,1000000,2000000,5730000,2,0
add-none,2,1,4,136000,34000,0
add-none,2,10,40,92000,2300,0
add-none,2,100,400,85000,212,0
add-none,2,1000,4000,100000,25,0
add-none,2,10000,40000,297000,7,418
add-none,2,100000,400000,3401000,8,12483
add-none,2,1000000,4000000,31866000,7,-84999
add-none,4,1,8,109000,13625,0
add-none,4,10,80,130000,1625,0
add-none,4,100,800,125000,156,-3
add-none,4,1000,8000,134000,16,703
add-none,4,10000,80000,673000,8,2797
add-none,4,100000,800000,6549000,8,-90420
add-none,4,1000000,8000000,-937586000,-117,-234196
add-m,1,100,200,86000,430,0
add-m,1,1000,2000,121000,60,0
add-m,1,10000,20000,482000,24,0
add-m,1,100000,200000,4128000,20,0
add-m,2,100,400,104000,260,0
add-m,2,1000,4000,289000,72,0
add-m,2,10000,40000,1680000,42,0
add-m,2,100000,400000,16420000,41,0
add-m,4,100,800,173000,216,0
add-m,4,1000,8000,725000,90,0
add-m,4,10000,80000,4606000,57,0
add-m,4,100000,800000,41250000,51,0
add-m,8,100,1600,433000,270,0
add-m,8,1000,16000,1259000,78,0
add-m,8,10000,160000,12048000,75,0
add-m,8,100000,1600000,116244000,72,0
add-m,12,100,2400,274000,114,0
add-m,12,1000,24000,1912000,79,0
add-m,12,10000,240000,17290000,72,0
add-m,12,100000,2400000,173583000,72,0
add-s,1,100,200,70000,350,0
add-s,1,1000,2000,86000,43,0
add-s,1,10000,20000,231000,11,0
add-s,1,100000,200000,1723000,8,0
add-s,2,100,400,88000,220,0
add-s,2,1000,4000,175000,43,0
add-s,2,10000,40000,1654000,41,0
add-s,2,100000,400000,27695000,69,0
add-s,4,100,800,117000,146,0
add-s,4,1000,8000,800000,100,0
add-s,4,10000,80000,11139000,139,0
add-s,4,100000,800000,105870000,132,0
add-s,8,100,1600,173000,108,0
add-s,8,1000,16000,2015000,125,0
add-s,8,10000,160000,32075000,200,0
add-s,8,100000,1600000,-588512000,-367,0
add-s,12,100,2400,229000,95,0
add-s,12,1000,24000,2915000,121,0
add-s,12,10000,240000,80482000,335,0
add-s,12,100000,2400000,-106826000,-44,0
add-c,1,100,200,71000,355,0
add-c,1,1000,2000,92000,46,0
add-c,1,10000,20000,273000,13,0
add-c,1,100000,200000,2068000,10,0
add-c,2,100,400,90000,225,0
add-c,2,1000,4000,204000,51,0
add-c,2,10000,40000,2462000,61,0
add-c,2,100000,400000,17433000,43,0
add-c,4,100,800,113000,141,0
add-c,4,1000,8000,365000,45,0
add-c,4,10000,80000,5962000,74,0
add-c,4,100000,800000,52517000,65,0
add-c,8,100,1600,159000,99,0
add-c,8,1000,16000,755000,47,0
add-c,8,10000,160000,11131000,69,0
add-c,8,100000,1600000,104498000,65,0
add-c,12,100,2400,208000,86,0
add-c,12,1000,24000,1566000,65,0
add-c,12,10000,240000,19762000,82,0
add-c,12,100000,2400000,200682000,83,0
add-yield-m,1,100,200,170000,850,0
add-yield-m,1,1000,2000,666000,333,0
add-yield-m,1,10000,20000,5942000,297,0
add-yield-m,2,100,400,547000,1367,0
add-yield-m,2,1000,4000,3224000,806,0
add-yield-m,2,10000,40000,26232000,655,0
add-yield-m,4,100,800,3095000,3868,0
add-yield-m,4,1000,8000,30850000,3856,0
add-yield-m,4,10000,80000,-761267000,-9515,0
add-yield-m,8,100,1600,7127000,4454,0
add-yield-m,8,1000,16000,65219000,4076,0
add-yield-m,8,10000,160000,661437000,4133,0
add-yield-m,12,100,2400,10090000,4204,0
add-yield-m,12,1000,24000,-889949000,-37081,0
add-yield-m,12,10000,240000,47844000,199,0
add-yield-s,1,100,200,137000,685,0
add-yield-s,1,1000,2000,642000,321,0
add-yield-s,2,100,400,278000,695,0
add-yield-s,2,1000,4000,1285000,321,0
add-yield-s,4,100,800,404000,505,0
add-yield-s,4,1000,8000,7827000,978,0
add-yield-s,8,100,1600,443498000,277186,0
add-yield-s,8,1000,16000,44734000,2795,0
add-yield-s,12,100,2400,465480000,193950,0
add-yield-s,12,1000,24000,-50805000,-2116,0
add-yield-c,1,100,200,180000,900,0
add-yield-c,1,1000,2000,758000,379,0
add-yield-c,1,10000,20000,9622000,481,0
add-yield-c,2,100,400,1538000,3845,0
add-yield-c,2,1000,4000,1466000,366,0
add-yield-c,2,10000,40000,19793000,494,0
add-yield-c,4,100,800,7246000,9057,0
add-yield-c,4,1000,8000,3059000,382,0
add-yield-c,4,10000,80000,33910000,423,0
add-yield-c,8,100,1600,6467000,4041,0
add-yield-c,8,1000,16000,93800000,5862,0
add-yield-c,8,10000,160000,-757817000,-4736,0
add-yield-c,12,100,2400,12446000,5185,0
add-yield-c,12,1000,24000,220636000,9193,0
add-yield-c,12,10000,240000,-81734000,-340,0
